COMMUNITY_ABRV,COMMUNITY_FULL,TOTAL_POP,GLOBALID,Shape_Length,Shape_Area,DA_AREA_m2
EAG,EAGLE RIDGE,260,5601fa96-2a2d-40f5-8f5f-605b8a4da5a5,3885.869876,376448.2605,376448.2605
SHI,SHEPARD INDUSTRIAL,265,185022ca-4853-4aa2-846e-b275e9b5b334,9577.149783,4197547.487,4197547.487
MAF,MAYFAIR,410,4356f06c-8202-459c-b2b5-5ad78c1e2512,2347.206899,289560.1791,289560.1791
SSW,SCARBORO/ SUNALTA WEST,465,1e314d53-d00d-40e2-95be-323d66b914a8,2627.378367,354719.3273,354719.3273
ROX,ROXBORO,415,cf6c6ca1-2f05-48f8-985a-f8f8db206d22,2344.763162,272028.996,272028.996
KEL,KELVIN GROVE,1805,6b8f1dc7-7bef-451a-abb2-320d491614dc,3473.767448,770446.8489,770446.8489
RMT,ROSEMONT,1155,829a6d9b-4f6f-48bb-9d83-b677d8cd4987,2806.803058,449321.4716,449321.4716
QPK,QUEENS PARK VILLAGE,375,1a091f50-f984-4faa-b11a-71df83dfd516,3369.012564,619217.6003,619217.6003
HIW,HIGHWOOD,2205,2336d129-8923-456a-a633-2f93035e78d5,4076.0136,950123.5413,950123.5413
ERL,ERLTON,1280,36297367-1738-4933-b16b-8a5ded6ebb2b,4066.763234,505794.6727,505794.6727
CAR,CARRINGTON,2750,6c5cd31d-be43-43ed-bef2-056c3bd3ff8b,5464.128327,1667316.625,1667316.625
NOL,NOLAN HILL,8755,13f7abd4-f533-4b60-87d4-d1918d8998d6,5923.292868,2046928.945,2046928.945
TUX,TUXEDO PARK,5165,6cb7be3c-b71b-463c-892d-315186113496,4949.301957,1328974.191,1328974.191
BLM,BELMONT,800,06f75d97-c0b6-49f7-8df2-3b2128537ad4,9929.867144,2846028.459,2846028.459
MAN,MANCHESTER,950,cf9b8a9e-4716-4e21-adc0-aadf57e86004,4014.990523,473726.2117,473726.2117
EVN,EVANSTON,18710,fb540535-e939-4ec6-833c-954497294465,10876.95715,4883197.21,4883197.21
SHW,SHERWOOD,6520,5cdea883-8035-409b-81e9-1d0b2cbc2fc1,6470.969595,2394215.477,2394215.477
SKR,SKYVIEW RANCH,12870,34bd0860-9841-4669-a5fc-8d8d05285a42,7321.651578,2311293.693,2311293.693
WAL,WALDEN,7650,942dfaab-6089-4830-a3df-37e1b670ace1,8223.979772,2461056.443,2461056.443
LIV,LIVINGSTON,3985,afcf8025-de48-460d-944c-72c7bcffaaa6,6808.258437,1709303.839,1709303.839
COR,CORAL SPRINGS,5610,7873f3fb-0286-433e-bb5b-b58495529e75,5447.442222,1818208.083,1818208.083
SSD,SUNNYSIDE,4000,2492590a-00eb-4ca8-98e5-cfe6bd71bbe4,5848.90216,1022924.146,1022924.146
CIT,CITADEL,10180,8659c3a7-14b2-4288-9c18-a2628a3d4d90,7845.5305,2733788.659,2733788.659
BLN,BELTLINE,25880,6d81c0ac-1744-4c99-84f3-d3d9de67f4a1,9836.420306,2943544.65,2943544.65
MCK,MCKENZIE LAKE,13290,bcb69cb8-7109-4acc-b0c7-1121dfafaa9b,11212.65989,5067841.287,5067841.287
CGR,COUGAR RIDGE,7150,5d3ae7d1-40d0-47f0-97f2-32c4e571a76f,8144.540499,2263147.273,2263147.273
REN,RENFREW,6580,e1b255c4-6fad-4382-9a59-25c56e9554fd,7959.034384,2658331.712,2658331.712
CRE,CRESCENT HEIGHTS,6240,90e7c419-d040-4296-a432-8ed68b192ea7,5783.227509,1619077.43,1619077.43
TAR,TARADALE,17630,e8ee4853-0aff-4ea5-8b71-005d6f37f0ca,6848.18855,2845388.401,2845388.401
CAS,CASTLERIDGE,6130,85bfaccc-a7ac-4aa4-8ec9-72837dd219a1,4571.943812,1212764.927,1212764.927
CRM,CRESTMONT,2275,39a09fc2-c1b0-49f2-b525-d68f37581942,5707.044191,1468817.056,1468817.056
LMR,LOWER MOUNT ROYAL,2990,230eb931-017f-42de-add0-4316d8516a54,2858.740671,284381.3932,284381.3932
MPK,MARLBOROUGH PARK,8290,8ac9bd9a-355b-4d95-a57f-3ccfcbc6eba8,6284.485241,2488967.288,2488967.288
SAD,SADDLE RIDGE,24365,086d0c61-cceb-4024-bf11-09d915a63bba,10972.59438,5597414.521,5597414.521
MRT,MARTINDALE,14540,081baefc-542d-42b0-a828-8d158a53f7eb,6586.539444,2689413.511,2689413.511
WGT,WESTGATE,3225,c05522fd-3c50-41f4-8405-cfa76ac50b3c,4609.771611,1164466.037,1164466.037
CUR,CURRIE BARRACKS,1275,f0b20c1d-07f5-48e5-8103-cc614480224c,4319.490735,985382.8145,985382.8145
BNF,BANFF TRAIL,3805,6e89ef05-9929-420b-b5d3-f3a8fe7db858,5871.157411,1455479.019,1455479.019
CRA,CRANSTON,20850,0bd4bd8a-8613-4957-b5c5-ed1316647354,14621.86957,8248650.68,8248650.68
ERI,ERIN WOODS,6790,3316922d-5ea8-4ec6-b4ca-045f1fd3d922,5266.415649,1598419.896,1598419.896
PKH,PARKHILL,1770,75415c76-51dc-445f-af00-8786780d29ad,4037.244617,657688.3288,657688.3288
BOW,BOWNESS,10770,6587bbab-68a5-4476-bbd3-8860aab7f02b,14566.69146,5630021.936,5630021.936
FLN,FOREST LAWN,7230,cdd89d76-59de-4606-a698-cd75a97efb0f,6530.175893,2313798.341,2313798.341
KIN,KINGSLAND,4900,520a1a43-805e-494b-aa20-1346fa17d96d,4911.861505,1338359.822,1338359.822
RAM,RAMSAY,2155,49ac4c04-811f-4f92-a149-114b2b84502e,4630.927753,986228.496,986228.496
TEM,TEMPLE,10525,5091d3ee-8bc3-4009-a168-df6e7f4e9643,6498.339594,2626185.114,2626185.114
SHS,SHAWNEE SLOPES,2020,b67aeb87-7de1-4285-9e66-1fa4696ea4f3,5650.692322,1250589.865,1250589.865
CAM,CAMBRIAN HEIGHTS,2000,5eb1a0b7-3fc6-4edb-aee2-caae6ff54849,5165.641765,864210.0238,864210.0238
CED,CEDARBRAE,5935,5424808b-80f0-4868-b00d-4cff0b6bc61c,6095.106788,1994601.675,1994601.675
RIV,RIVERBEND,9205,595e66dd-9c63-449a-b5a0-3b4b77308e64,8979.455325,4061638.911,4061638.911
ROY,ROYAL OAK,11580,fd395d5c-82f2-4785-89f0-cb33cb3e829d,7698.639206,3563114.376,3563114.376
FAI,FAIRVIEW,3675,fb7938f3-6d3c-4093-a1d9-748687b24c2f,5110.426088,1320907.57,1320907.57
CLI,CLIFF BUNGALOW,1805,c43945bf-405d-4a6f-8ad5-62ab3ac00b72,2943.853981,362948.4623,362948.4623
DIS,DISCOVERY RIDGE,4330,6e629035-2bab-4b28-92a3-ddc8d60d77d7,8515.544473,3512689.014,3512689.014
UNI,UNIVERSITY HEIGHTS,2965,fda154cb-c375-4554-b3e6-48397dbb3a71,4021.700248,817426.4702,817426.4702
BED,BEDDINGTON HEIGHTS,11295,3ed8b8e6-000e-4b68-a296-58cc05d2135a,9413.876112,3200913.26,3200913.26
QLD,QUEENSLAND,4585,67f2dc2b-539b-44c4-8ed1-a2c9f176590d,4981.0295,1558164.221,1558164.221
GAW,GARRISON WOODS,2860,cd274ec5-4d28-415b-b45c-1735cd75f3b1,3909.51331,777460.1228,777460.1228
BRT,BRITANNIA,765,1c72b3df-2577-43cc-86a9-65afb771b571,3184.508304,501858.8669,501858.8669
PIN,PINERIDGE,9850,bea716db-2bc8-48fb-831b-8e122925889d,6502.592322,2641837.236,2641837.236
PEN,PENBROOKE MEADOWS,8235,7a22b484-efba-409e-b551-9366ed360d95,5889.754449,2038342.388,2038342.388
MAC,MACEWAN GLEN,4740,52e58d0e-aaa5-444a-96a5-c6a86e60cbac,5014.431176,1418653.69,1418653.69
NGM,NORTH GLENMORE PARK,2435,d9b4759d-6a54-45d1-9770-4e19f93d1213,4868.438831,1156459.399,1156459.399
WBN,WOODBINE,8745,910fc9d1-aee6-4979-8d9d-fba1ea6f0ec4,9466.486664,3165903.046,3165903.046
RUN,RUNDLE,10545,bf25b7a5-9708-48c6-be01-93bf256a82d4,6502.157462,2642520.565,2642520.565
DNC,DOWNTOWN COMMERCIAL CORE,8225,ffdcca62-35a8-4670-9853-925fd0eaf8d4,5315.620163,1329077.98,1329077.98
CHW,CHARLESWOOD,3595,2bf5970b-ef1a-4cb6-81a4-0d5d88e3bbbf,8436.175416,1831584.059,1831584.059
YKV,YORKVILLE,715,57c2963d-e7c5-4c71-93cb-d8370a7387a9,6477.324763,1973371.735,1973371.735
BRA,BRAESIDE,5700,94dd0bf1-3727-41c9-b1f4-c47a714cb87a,5665.47336,1961883.798,1961883.798
SDC,SUNDANCE,9590,1c55295a-7186-446f-b7e2-bd3a6190072e,9162.851447,3981192.039,3981192.039
RUT,RUTLAND PARK,2140,3ba02b5b-c03e-4c17-a69b-9f258b0740e5,4324.118226,681410.6004,681410.6004
DNW,DOWNTOWN WEST END,2825,665fbbe2-252b-4040-a8d1-0a6303f80002,2807.899832,364636.6451,364636.6451
HOU,HOUNSFIELD HEIGHTS/BRIAR HILL,2470,b1ce5017-a693-450d-af6c-aed47d2b18b7,4711.311511,1179971.382,1179971.382
GRE,GREENWOOD/GREENBRIAR,1055,b4e98b60-9d1c-48e6-8730-76111c902457,4932.538869,1190862.049,1190862.049
COU,COUNTRY HILLS,3660,ae972309-4c24-4024-9fd6-dfef91f2a2d7,7444.45267,1889208.169,1889208.169
OGD,OGDEN,8315,0cebb1fe-b1f4-4e5b-8e86-27eae5a62e0c,8912.347177,4140631.657,4140631.657
SCE,SCENIC ACRES,7850,4386f9f6-7a01-40ba-9391-6be0ef5f80bd,10948.73318,4436373.317,4436373.317
SAN,SANDSTONE VALLEY,5795,f000dfc7-0c46-4951-b56f-f95d5bb70199,5468.325632,1801131.236,1801131.236
DIA,DIAMOND COVE,625,8f3a5ef8-86f5-45c8-9e05-2b913a77eb58,5457.599058,535540.9731,535540.9731
MRL,MARLBOROUGH,8910,5739d434-5dc0-470a-9bd9-4b6516017f23,6659.183754,2656641.976,2656641.976
UMR,UPPER MOUNT ROYAL,2735,24652d04-6124-4e97-a0a1-df16ee9ee47c,5089.982902,1275127.57,1275127.57
RED,RED CARPET,1745,2dad6f73-4344-4f81-9e44-ae441a524dca,3623.360555,563178.338,563178.338
WLD,WILDWOOD,2765,2366c4cb-b839-40d5-94ac-67db3322e4b8,8636.971362,2563951.07,2563951.07
COA,COACH HILL,3275,2b5e0006-793f-4302-b8a6-1a905d5e7559,4845.261111,1073288.922,1073288.922
VAL,VALLEY RIDGE,5365,8355fce5-dcb0-4e95-9acc-e868cd97a022,8343.098016,3261932.486,3261932.486
MOP,MOUNT PLEASANT,6325,52c5bed7-f3c2-486f-ad9f-96c741b2bb9c,6022.116559,1874576.049,1874576.049
VAR,VARSITY,12040,9fb855d5-05ca-4fdd-8526-449cb2825e33,11817.87471,6812863.227,6812863.227
HAM,HAMPTONS,7360,4803b866-6927-4aad-9f9b-0038eb07b6c0,8285.742949,3502975.284,3502975.284
DAL,DALHOUSIE,8530,9e33fe9d-5cf4-4bca-95ea-d48d978f8c58,7602.143197,3344827.115,3344827.115
SIG,SIGNAL HILL,13000,786c3656-783c-47ff-aa01-f226eb9f73ce,10241.25806,5310463.226,5310463.226
MPL,MAPLE RIDGE,1830,146f5965-3677-49d0-b8c6-c530e4dc35df,7680.355442,2696000.059,2696000.059
PAT,PATTERSON,4145,a37d6a8d-028e-4057-9cf3-afbedbde2996,7827.345788,2046305.972,2046305.972
OAK,OAKRIDGE,5620,cfa0afcf-a4f0-43a5-990e-f421c840e2af,6216.663094,2373557.861,2373557.861
BYV,BAYVIEW,670,208ef553-59ff-493e-aba3-32600e385af2,4299.19639,424010.946,424010.946
NHU,NORTH HAVEN UPPER,640,67f20ebc-265d-455b-bb15-27d43895d86f,2419.173331,269216.3053,269216.3053
CHR,CHRISTIE PARK,1880,9492c459-8b0e-48d8-96d0-0dff46c47a2b,4691.795908,819464.0726,819464.0726
BNK,BANKVIEW,5125,68c1ec42-f2e7-402a-8a21-91feaf937dc8,3420.435815,686761.0083,686761.0083
EAU,EAU CLAIRE,1875,f5e071f1-e5ba-4991-9eec-1faf7f6c1a52,3223.566178,516267.2737,516267.2737
PKL,PARKLAND,3430,838cde0c-6a94-4158-ae4e-76d1ed6368a5,7070.82133,1889034.569,1889034.569
WOO,WOODLANDS,5830,b95c8ae5-445a-4900-aaf3-441dcb31792e,8341.617086,2805113.196,2805113.196
RID,RIDEAU PARK,675,c3d4aea8-a396-4364-9931-d2e0e32c5e61,2281.836446,267188.285,267188.285
FPK,FISH CREEK PARK,430,6cd24bf9-0370-4040-a400-682febf362e5,52274.76859,15245845.1,15245845.1
DOV,DOVER,10795,a27368ed-124f-4879-baca-6e64c65fa747,9250.695147,4153213.388,4153213.388
SOM,SOMERSET,8320,1f7af3b0-f92e-4ef6-b8fd-289f87ae9843,6644.844438,2187954.143,2187954.143
SGH,SAGE HILL,9345,17e5ea6b-649e-420e-b63d-edf57844492e,8377.921362,3723215.044,3723215.044
HPK,HIGHLAND PARK,4105,01d4c74a-8369-4393-a217-5d4341fc90f0,6644.92422,1368669.547,1368669.547
PKD,PARKDALE,2300,42d0ec3b-fbd5-487a-8518-2fa1e0db74f0,5250.543355,1051789.141,1051789.141
POI,POINT MCKAY,1330,b261842f-8b10-41f0-af81-1c773c747c9a,2502.528233,383333.3286,383333.3286
SCA,SCARBORO,1010,87849622-ba85-4456-885b-430621966fa3,3088.656179,456045.9896,456045.9896
SPR,SPRUCE CLIFF,4195,a2482ea1-716f-465b-9493-6b5dac5b3ea1,4662.504538,1074569.817,1074569.817
AUB,AUBURN BAY,18090,e5c84a3a-b570-4555-a558-f4542772d912,8386.576988,4526264.234,4526264.234
ROC,ROCKY RIDGE,8195,2767cd1c-78fd-435d-8385-772226b74f8b,6981.81352,2736951.824,2736951.824
MCT,MCKENZIE TOWNE,17505,897a2cde-7af1-4396-ac20-b5ba2f54d5d8,10010.90026,4826450.281,4826450.281
MEA,MEADOWLARK PARK,610,35f27d38-0368-4d26-81b1-259e5c4674e9,3148.083311,633331.2293,633331.2293
SVO,SILVERADO,7975,a1ab01da-d194-4a4c-806a-fe9632783e06,10429.67836,5959792.236,5959792.236
SOC,SOUTH CALGARY,4540,8e6e5058-7e89-4b96-8169-e5165f1be6b2,4866.46458,888043.9274,888043.9274
PAL,PALLISER,3285,53e94797-3fdb-4f09-a236-e7fa732eb236,4047.618511,987945.5324,987945.5324
ABB,ABBEYDALE,5925,2c66fb5e-9c01-4ad9-9b91-41a0cabac5ad,5798.336547,1701674.738,1701674.738
BRE,BRENTWOOD,7410,e0205c22-b815-42b0-9051-028c0f6d1cf5,8009.189619,2893342.437,2893342.437
DNE,DOWNTOWN EAST VILLAGE,3140,7feac844-f95f-4589-9315-a49fc3784769,3538.398401,522283.6291,522283.6291
RDL,ROSEDALE,1495,97add142-73af-4244-b59d-3c3ed522ad28,3740.029163,661882.989,661882.989
KCA,KINCORA,7030,32014170-311d-406b-be04-94c76a7a8398,7020.397232,2271864.887,2271864.887
HAW,HAWKWOOD,9115,a62e3f4f-94c0-4dcd-9e83-b9c0ab0a0212,7384.008523,3208972.882,3208972.882
WHL,WEST HILLHURST,6635,4b6b0114-90fe-4a88-9d04-aa58bfb1f709,7106.440274,2359598.459,2359598.459
BEL,BEL-AIRE,400,4b0b566c-2ae5-493e-bf92-bd26ad949caf,2580.074973,337186.609,337186.609
EVE,EVERGREEN,20780,ad6a20f7-1ddc-44fc-b9eb-4d54ba06f2ca,12444.34461,4907132.626,4907132.626
BDO,BONAVISTA DOWNS,830,2c011c53-01b8-4c06-aa26-a47015442980,3689.039102,571082.796,571082.796
HAR,HARVEST HILLS,7805,9c671884-4658-45c6-af3b-8285ff6985a6,6362.109191,2179869.418,2179869.418
GDL,GLENDALE,2715,d6e5d5eb-b443-4339-af4d-866cd07ec631,5283.602376,1369718.419,1369718.419
ASP,ASPEN WOODS,9435,6e95e542-ef9c-4185-82f8-5d8f134b40e7,9154.467425,3993137.499,3993137.499
SNA,SUNALTA,3090,e6f5194b-abd4-4930-9baf-12ccb822e4e3,4699.665472,937397.3096,937397.3096
ARB,ARBOUR LAKE,10335,fcfe3f90-5eb3-4116-bbad-61ccf51c3d66,8784.250631,4394364.956,4394364.956
CSC,CITYSCAPE,5085,752d6eae-698d-4f17-917f-819a7dad768a,6495.649592,2309729.276,2309729.276
ALT,ALTADORE,7290,b6e4b484-0785-4d07-8cf6-e03784f42c00,7992.937803,2131759.718,2131759.718
THO,THORNCLIFFE,8695,cf7520b8-ae92-4e3f-8b4c-93eed85dd2b9,8232.745653,3270624.344,3270624.344
MON,MONTGOMERY,4175,cb4aa81b-f076-4355-ac19-74fcf6fc4932,7364.692243,2954015.276,2954015.276
SET,SETON,3590,0854c377-8cae-466c-88d5-5217a950821c,8568.98516,4561784.479,4561784.479
UND,UNIVERSITY DISTRICT,960,da5d303a-d2b0-4d0c-af9a-2f067bacfca4,5196.52621,1153679.815,1153679.815
CAP,CAPITOL HILL,4670,b03bb9f9-4555-418d-a318-2d5677d60c85,6617.675343,1414812.375,1414812.375
APP,APPLEWOOD PARK,6830,312d3a18-5113-4665-9d5a-f8e5645bea0a,5587.576169,1554218.311,1554218.311
SOV,SOUTHVIEW,1550,04d80da4-9aae-4568-9e8c-0356c8f7daec,5836.688774,1593189.387,1593189.387
MOR,MONTEREY PARK,10475,6f236bba-3cd8-47a8-99c9-6a243f6224d9,8686.001194,3447878.481,3447878.481
WSP,WEST SPRINGS,11560,aff8fc6f-b906-447b-a720-59ee2dc29762,8438.734713,4176696.49,4176696.49
RIC,RICHMOND,5250,d0538f0d-acf5-4bbb-a52e-efde717dcde8,6797.796778,1906447.277,1906447.277
DDG,DOUGLASDALE/GLEN,12920,d1aaa88d-c6e8-41c1-9702-3262505233aa,13000.82641,6442580.692,6442580.692
NEB,NEW BRIGHTON,12885,d95d2897-cc7a-4ad0-b6e8-c3a1d2d2cb83,6799.62778,2847916.231,2847916.231
STA,ST. ANDREWS HEIGHTS,1345,be84e1fe-8f20-41a5-97b5-cc736d4db2e0,4934.936832,1160324.712,1160324.712
DRN,DEER RUN,4910,14841808-6ed8-4c4f-a986-fa7394abf507,10460.25915,1919977.592,1919977.592
CNS,CORNERSTONE,6190,ee2ea1b3-90a5-4940-9d34-9fa59157cae8,12097.50157,7646112.054,7646112.054
FAL,FALCONRIDGE,10325,587dfa04-a8d1-488e-9108-c1b7b67bbf94,6001.620099,2157459.071,2157459.071
CHV,COUNTRY HILLS VILLAGE,2480,0a036aad-d8b6-477e-983b-5eaabd50c1ae,4009.098354,952440.6808,952440.6808
HAY,HAYSBORO,6960,3d3d7a51-19ad-4bb4-961b-bd1206d73a99,6546.067156,2671053.823,2671053.823
GAG,GARRISON GREEN,1680,c686063a-575b-4039-96f6-a7397200edcc,2849.061015,360612.4455,360612.4455
SHG,SHAGANAPPI,1765,24b4e30e-7460-42c9-af1a-b48ff3b737bc,5742.162167,1481558.245,1481558.245
LKV,LAKEVIEW,5640,3541f715-ddd4-4aa4-b04f-6031705b433a,6779.77363,2211894.137,2211894.137
PCK,PINE CREEK,245,0affd17d-5c29-41c2-988c-63ec979ff7ad,10092.61168,2475463.283,2475463.283
GBK,GLENBROOK,7240,77963355-4db6-4d72-8f48-c3502d795dd1,6006.37637,1961417.847,1961417.847
EYA,ELBOYA,1835,06ed4045-ae62-4864-960a-6df5a4128fe9,3908.330359,722002.3528,722002.3528
COL,COLLINGWOOD,2290,87be847f-4229-4861-a8f8-75a383aeb79e,5589.127993,1562521.981,1562521.981
LKB,LAKE BONAVISTA,10145,f07959ef-953b-4843-98e8-0a0250ebbfcb,9568.808879,5263832.34,5263832.34
MLR,MILLRISE,6655,76870018-1b36-4c88-a825-d252b0493603,5913.12518,1782972.581,1782972.581
MAH,MAHOGANY,13860,718b6af0-5a32-4848-a2ca-7d975cf9fc39,10067.04669,6302705.874,6302705.874
EPK,ELBOW PARK,3285,1e44aa6d-e194-4390-9cd6-9a5c4f0028f0,7285.581318,1790822.909,1790822.909
ACA,ACADIA,9915,7a3f8b5f-ef65-4ddc-909d-05f9b7ba894f,9134.166352,3901999.018,3901999.018
ING,INGLEWOOD,4130,591d51a8-fd09-4cc1-bf61-a8db464c1cb1,9681.150081,2501889.09,2501889.09
SIL,SILVER SPRINGS,8570,e9f4f5f2-e374-4d9f-8c69-8f00ad91ba5b,10078.17029,5017629.726,5017629.726
DRG,DEER RIDGE,3795,36396be3-1039-465b-b3c8-e01be741c32c,4896.869676,1417399.067,1417399.067
ALB,ALBERT PARK/RADISSON HEIGHTS,6740,5d6d7d71-f9f1-494f-9592-68bf11941090,8231.202363,2508755.393,2508755.393
LEG,LEGACY,8000,10256337-b951-4d9e-869d-4f1ec91ffc3b,11438.06914,5971872.158,5971872.158
GRV,GREENVIEW,2100,ac873fb4-dde1-4725-9c7f-a3054529a305,3912.997049,454296.7984,454296.7984
MIS,MISSION,4505,fb763632-2344-4cd6-9cdb-cad67e6a3029,3830.447722,535422.4676,535422.4676
WND,WINDSOR PARK,4410,eb3ce718-a15f-47c2-8dad-cd929debce36,5337.709339,1276208.174,1276208.174
HUN,HUNTINGTON HILLS,13120,2819d280-45f2-45d6-b298-b88ea9134202,10148.4085,4771064.139,4771064.139
TUS,TUSCANY,19700,c518d8f7-b8e0-4313-a707-163ad13382c4,11575.07014,6770556.449,6770556.449
RAN,RANCHLANDS,7490,89568cb7-4991-4d02-af86-003991e6930e,6566.29603,2340531.575,2340531.575
WHI,WHITEHORN,11085,83fd54ad-9218-4f56-9f93-70204764e519,6486.909479,2643505.331,2643505.331
BRI,BRIDLEWOOD,12545,8af7aea8-e5e0-41db-8235-286af6aaa25c,7312.165163,3141989.262,3141989.262
GLA,GLAMORGAN,6575,a833ea9d-988d-42b8-bc18-db16faa21bd5,5982.062613,1945322.143,1945322.143
EDG,EDGEMONT,15255,528e8c99-0acc-492c-91fb-53582d28a902,11501.88208,6622106.789,6622106.789
BRD,BRIDGELAND/RIVERSIDE,6350,44f67493-2185-4ec9-9653-ab950e4fb9c9,8390.923203,3050717.049,3050717.049
WIL,WILLOW PARK,5090,c5241319-d1e2-4cb2-879d-7f1e3b09c2ea,7334.052084,3400928.297,3400928.297
WWO,WOLF WILLOW,525,e77f81bd-58d8-4ad7-96e9-7afd5963fe9b,8840.727314,2855238.736,2855238.736
RSN,REDSTONE,9050,1914247a-743e-46e4-8359-c7ef51f3ac46,5759.111665,1953702.454,1953702.454
SPH,SPRINGBANK HILL,9840,05cd5dc2-025d-478b-9594-2a706613a631,10355.60819,6508852.932,6508852.932
HID,HIDDEN VALLEY,11540,46059e99-bc60-493b-b1f4-73c0b4254c79,10298.83152,4306982.959,4306982.959
NHV,NORTH HAVEN,2365,e3840233-fad1-4a69-adfd-20e66cb4ddde,4111.554694,845952.8627,845952.8627
VIS,VISTA HEIGHTS,2300,ee15ec87-c463-40be-9a80-b7c07623495e,4783.508508,1138919.72,1138919.72
SOW,SOUTHWOOD,6095,dcf6f5c7-6ccf-4ea7-b60c-c5c842d658d6,6594.024826,2665834.847,2665834.847
CHA,CHAPARRAL,12500,1f37f706-5fa1-4ced-bc4f-0850c549efe9,10168.84816,5448997.991,5448997.991
HIL,HILLHURST,5475,5c4f9072-4fd9-4572-b848-9d8154150870,6752.792582,2068680.951,2068680.951
STR,STRATHCONA PARK,6830,d6cca85a-ac45-49f1-bcc4-e39bd01b342c,9141.431026,2706071.244,2706071.244
PUM,PUMP HILL,1455,90be2f2a-85e8-48d3-bca3-2d3de136f255,3969.016904,942897.5617,942897.5617
WIN,WINSTON HEIGHTS/MOUNTVIEW,3605,46ae827e-04f1-4a0f-8fc2-d7ed36bb2407,8246.403005,3020522.892,3020522.892
COV,COVENTRY HILLS,17350,3f476d35-11f6-4161-b710-3bdb5f921637,9304.447615,4085554.406,4085554.406
KIL,KILLARNEY/GLENGARRY,7920,8d7c88c9-6457-4e2d-be6d-91e38f41febb,5575.213862,1844936.949,1844936.949
RCK,ROSSCARROCK,3490,6d3bfd56-f2b5-4b9f-81a5-8a07849e334e,4368.575113,1067715.524,1067715.524
SHN,SHAWNESSY,9055,bfd7db22-0b3f-4609-a79a-52abf2cef8f4,9826.308311,3649335.136,3649335.136
CPF,COPPERFIELD,14095,3d7d25a3-e472-4d0b-bd21-619d95527500,10393.43026,4610640.3,4610640.3
PAN,PANORAMA HILLS,25535,c62594c2-b96f-4cb8-ae78-5dd121b03339,11756.11986,6337370.787,6337370.787
CAN,CANYON MEADOWS,7435,f4025433-13a9-4950-957d-aad60559290b,8498.765829,3080770.213,3080770.213
CHK,CHINOOK PARK,1535,143ba7ae-57f5-4ecc-a86b-265822e57ed1,3242.314859,582054.0795,582054.0795
FHT,FOREST HEIGHTS,5985,2782a003-3f86-43c6-ad50-4bc8a6e44ee1,5194.289415,1505969.439,1505969.439
MAL,MAYLAND HEIGHTS,5925,323f3062-1a16-41ce-86e6-3552be6140c3,6237.192437,2023288.732,2023288.732
MID,MIDNAPORE,6480,ca55e3c3-1e39-4d9c-a1fd-d87c71823274,7688.233869,2955446,2955446
LPK,LINCOLN PARK,1590,4d64c32c-0afd-438f-a0bd-5477d11739c3,5509.851165,1485748.191,1485748.191
CHN,CHINATOWN,2250,7688797b-79b5-479b-8e2b-0631f987b336,2651.084717,246777.9745,246777.9745
ST2,STONEY 2,0,a074c3f9-92a4-4c5e-9971-09635122988e,10678.77784,3952180.568,3952180.568
HUX,HUXLEY,0,c6d8d87f-cf1e-4ba2-9e5d-9493c4d72fd4,6298.942831,1541373.026,1541373.026
GPI,GREAT PLAINS,0,000e2b81-5850-4f7e-ac00-a45c0b7fb0cd,8537.158641,4272142.068,4272142.068
ST4,STONEY 4,0,a5b61bb2-bbd8-437f-9cd9-daa0d156b0cd,16039.99466,4315214.602,4315214.602
MNI,MANCHESTER INDUSTRIAL,0,328d9591-5290-4dfe-8ec5-2632efccd924,11940.15243,4574412.17,4574412.17
GLR,GLACIER RIDGE,0,4e77ba01-7c91-4c5d-bc74-0011e5f57d11,7379.892536,59671.78655,59671.78655
RVW,RANGEVIEW,0,e01a1d73-3fb4-4abc-b1a4-c1b57d68ea16,9278.439051,4803874.249,4803874.249
13G,13G,0,ddd671c6-1c2a-4f5e-b7f8-2335d000476f,10803.55559,5063379.895,5063379.895
01K,01K,0,06439eaa-e781-4a94-b5df-0e5e01d3fe06,9664.797809,5231041.143,5231041.143
SGL,STONEGATE LANDING,0,651a4091-c5b1-4dd5-873c-683087e99837,10129.70483,5437861.892,5437861.892
HSN,HASKAYNE,0,1200da5d-7612-4699-a4a1-ba27ac15eac6,5915.87592,283237.6007,283237.6007
STD,STARFIELD,0,49ffe727-d196-4740-9453-8a6e220ca5d6,9887.882622,5971721.499,5971721.499
RRC,RICARDO RANCH,0,6f0ae11d-3bbb-43d6-ac92-d17695cbd7d2,12665.67832,5905921.285,5905921.285
ST1,STONEY 1,0,509754ae-de15-445d-8d25-ac303ba19999,14378.48906,6241154.848,6241154.848
09P,09P,0,36ac57ba-7757-4a28-b5ba-f32078dd7d57,3263.925273,8808.198419,8808.198419
09Q,09Q,0,29c3c532-2e1f-449c-a37c-dc47fcce1f5c,11621.08365,6777489.046,6777489.046
FHI,FOOTHILLS,0,fbb66545-6ff3-4fe0-84c5-62233f2cfe8f,13262.80213,7720708.353,7720708.353
09D,09D,0,64cc45df-3cf0-4bf0-8bdf-1cd1501dff0f,3452.614696,404277.862,404277.862
06B,06B,0,aeea041e-60cc-4d27-abd5-0d30de71ba78,2752.763713,432875.5077,432875.5077
GTI,GOLDEN TRIANGLE,0,62952c39-27aa-451d-80a1-a0d07bcafa8e,3194.601621,507714.549,507714.549
06C,06C,0,13f64406-93da-45bc-854c-26a638efab66,3988.896307,522685.8115,522685.8115
05G,05G,0,b31897eb-b9d3-46f0-85cb-25e852467c44,2904.70917,522358.7336,522358.7336
SKE,SKYLINE EAST,0,43d1ec5b-898e-4206-a62d-a1e91d4f6729,3636.26372,540784.3622,540784.3622
09H,09H,0,bf0e9b56-52ec-4eb8-923a-b7fe2b4915bc,3291.902774,561660.5923,561660.5923
13N,13N,0,2ac02c67-6b8c-4ff2-9f92-60b49fce8e38,31.94018964,9.261989524,9.261989524
01C,01C,0,ef51f4be-3a24-4520-ab2c-6742ec04356d,4546.529793,637274.5609,637274.5609
13J,13J,0,6ae7251c-6505-4f90-b323-af9381ebb577,3243.988741,654052.3081,654052.3081
12K,12K,0,bb46d7b4-a16b-4524-a277-66a0f428f9ca,2730.421179,453348.807,453348.807
12B,12B,0,f4922903-71d0-4fbd-9530-9cb3660a3b95,5968.360128,1405121.886,1405121.886
GPK,GLENMORE PARK,0,f1de490c-63bf-498a-9ad7-8e5b0b0ce5d3,21756.27209,10036686.88,10036686.88
12A,12A,0,2d4eb3e1-4ada-4027-b98e-8728ee468538,6137.005624,1513514.251,1513514.251
NPK,NOSE HILL PARK,0,88a1f36b-ba05-499f-a725-6aeec830a1de,13864.46432,11610164.22,11610164.22
SKW,SKYLINE WEST,0,90e14f54-b5db-4f78-99ce-5f224e5bc855,4725.21362,826319.3254,826319.3254
10D,10D,0,2ed40fe8-f443-484d-85cd-c2da3700cef7,4329.973925,819359.5166,819359.5166
COP,CANADA OLYMPIC PARK,0,67201983-7957-4a3b-b43d-2385b8a42d3b,4185.103023,873363.3551,873363.3551
01F,01F,0,331755b0-ed83-4fc9-b01d-173fb895c754,6121.20513,826400.7241,826400.7241
GPE,GREAT PLAINS EAST,0,141e9b78-3b92-4f10-9cbd-2a5dd915dd68,4547.46899,1065650.367,1065650.367
05F,05F,0,cbd8ba7d-f9c9-4231-8ca4-c61bfb6099a8,4567.836442,1069304.781,1069304.781
EFI,EASTFIELD,0,216b937c-cb9b-4675-8cdb-7c0bfc3386e0,4643.780257,1116574.054,1116574.054
03W,03W,0,51cf21e3-43bf-4e1c-8d2f-1777dd49cf1f,2552.747279,42912.28502,42912.28502
MDH,MEDICINE HILL,0,c7b9f282-4198-4caf-b1be-560cd27ccbf2,5035.886238,1197712.178,1197712.178
KSH,KEYSTONE HILLS,0,1d50af2e-a403-412d-806c-c034ca0b29c5,4560.7397,1192311.698,1192311.698
VAF,VALLEYFIELD,0,5aff8436-215f-4841-b3e2-d607dd5a7e90,5105.519233,1211667.174,1211667.174
NAW,NORTH AIRWAYS,0,dabfb1b7-c507-4fe0-a21a-bfa2c7868906,5102.634108,1211168.201,1211168.201
MLI,MAYLAND,0,d75e7610-e681-4e56-a26e-5a3eea3a27e0,5750.353418,1226865.575,1226865.575
FVI,FAIRVIEW INDUSTRIAL,0,e80e47a9-b7a4-47e3-ac6d-5d44080b8dbf,7834.120213,1279241.453,1279241.453
RYV,ROYAL VISTA,0,01e82c94-b4d2-4ff1-816c-eddf4728175d,5712.351441,1312703.258,1312703.258
ST3,STONEY 3,0,ec57a261-c647-4a15-a907-b22cc6e2cd5e,4864.865847,1317255.636,1317255.636
MER,MERIDIAN,0,2d4b45da-0876-4def-8ec4-a8944ca31995,5947.015489,1383625.178,1383625.178
05D,05D,0,ef373c6f-6683-470a-ad54-b391de3ffc8f,5021.942811,1437765.553,1437765.553
FRA,FRANKLIN,0,13306366-4386-4ef6-bf0d-aec6c84833e8,5270.279421,1465432.884,1465432.884
02C,02C,0,bab36a47-50c9-450b-b520-afda423feb2a,5995.859262,1478796.18,1478796.18
SVR,SYMONS VALLEY RANCH,0,ce33ba03-323e-4a4a-9023-b5f17a84d7f3,867.3602846,387.3295863,387.3295863
UOC,UNIVERSITY OF CALGARY,0,a8806864-429f-424f-8836-2a8db3161ede,6384.078095,1501471.832,1501471.832
FLI,FOREST LAWN INDUSTRIAL,0,290a51fe-860f-46a0-aeca-3fdcef3dd277,7462.609357,1533793.54,1533793.54
12J,12J,0,0edcdde5-b5da-440b-99c2-ad2e30e0f0ba,5138.762411,65970.29033,65970.29033
ESH,EAST SHEPARD INDUSTRIAL,0,3b7d3bd3-961f-436a-a57c-77bf7cc0634c,17707.12422,17346694.61,17346694.61
HSD,HOMESTEAD,0,09dd5ffe-9da9-4e77-a502-0913bf69aed5,6146.392332,1590847.83,1590847.83
01H,01H,0,16aafb16-f2aa-4d79-b03f-d22ecd9f195a,2778.695039,135992.5971,135992.5971
STE,STARFIELD EAST,0,1b070c5b-c3f7-4147-9a4a-636bfe0c9c24,6138.282409,1619781.681,1619781.681
12C,12C,0,9251988f-f9a7-4e3d-bb6b-d9196370a55d,2473.265276,314014.9141,314014.9141
10E,10E,0,945b09a2-ff66-49a8-8e58-7463250a2848,7614.034769,1850086.933,1850086.933
SAW,SOUTH AIRWAYS,0,7b10411f-d9d6-49d8-8128-42b04922426b,8028.799148,1892669.573,1892669.573
WES,WESTWINDS,0,a658e3a1-b162-474b-871a-d1a4aaf5c1f2,6738.232496,1955862.77,1955862.77
DBC,DEERFOOT BUSINESS CENTRE,0,a93e3593-e43e-435c-8d97-8d33d56d0545,7978.387666,1967633.491,1967633.491
CIA,CALGARY INTERNATIONAL AIRPORT,0,da6beaf8-255c-42af-b00e-85845e61310f,23179.97829,20594667.57,20594667.57
01B,01B,0,d70f7471-4c44-4325-a1c6-5bcfb9d2272c,6340.282244,1977158.379,1977158.379
OPH,OSPREY HILL,0,b2d3b45c-5415-4b05-8f58-a514119bb70d,1862.896581,207701.6307,207701.6307
GRI,GREENVIEW INDUSTRIAL PARK,0,6634b420-640a-4a9a-8ad6-122569b59ae9,7682.42287,2140114.832,2140114.832
OSH,OGDEN SHOPS,0,83c8b1b5-0e29-4cd9-8c36-a9895deb8e44,7830.328542,2223847.955,2223847.955
SUN,SUNRIDGE,0,0f0c0ffc-ce16-4556-b9ee-9f244a92aaf6,6032.141221,2262740.421,2262740.421
06A,06A,0,ae793d8c-21ba-4325-a754-69c80744d194,13108.17838,2264315.024,2264315.024
EFV,EAST FAIRVIEW INDUSTRIAL,0,87cb8308-3f68-4616-bc47-593cc836e421,7253.121592,2315462.477,2315462.477
HOR,HORIZON,0,41788313-4a1e-4537-b74d-e96448e0ec42,6536.210867,2311332.87,2311332.87
MCI,MCCALL,0,d40fb216-40fc-4e2c-aabd-b62a980569cd,6775.673451,2388794.085,2388794.085
ABP,AURORA BUSINESS PARK,0,3ffb18c8-fd78-473d-b5a3-6dc58a0b6385,7510.429731,2400757.515,2400757.515
SRI,SADDLE RIDGE INDUSTRIAL,0,bad3c312-9bca-4fce-8d2d-71c51860d7a8,7854.066244,2539744.1,2539744.1
13I,13I,0,5ad00db1-9a03-4053-a7ce-476c2e385a2e,2732.067618,253641.3798,253641.3798
PEG,PEGASUS,0,7f4fefd6-6f6f-48a9-b546-cd4adff1cf4a,2299.570518,256243.2336,256243.2336
LEB,LEWISBURG,0,44d0bae4-fbdb-408a-8080-abbf50dc8988,3436.157318,718934.193,718934.193
02E,02E,0,a53c8ea5-fb06-4715-9b1e-11c219467c53,6540.199256,2619231.607,2619231.607
13C,13C,0,39f1ddc1-2b00-4c27-ac19-6efcd03cb1ce,6500.056844,2640692.603,2640692.603
13A,13A,0,19bf7988-0ca7-4062-967f-ca8d2942ea51,6495.548006,2630993.117,2630993.117
13F,13F,0,89f05750-6ad0-4d1d-b7de-8fb51ee3c9fd,6498.771783,2637939.2,2637939.2
02B,02B,0,81bcdcf9-042e-4785-8e61-d721c298f82c,6503.026596,2643023.511,2643023.511
13E,13E,0,68761f51-7233-4cf5-9de0-1f5e8c73850f,6489.299008,2632877.844,2632877.844
MRN,MORAINE,0,3183a3a8-37a3-4e24-879c-7d5ae3581316,2669.825187,14460.86051,14460.86051
GBP,GLENDEER BUSINESS PARK,0,2374d885-aca7-4020-8336-66d95f981eeb,2356.343941,269803.795,269803.795
HIF,HIGHFIELD,0,fd786573-a0cd-4aa1-8b8b-04764587325d,7724.079071,2756206.72,2756206.72
13M,13M,0,d80e1ffd-79d0-4d66-bece-d9c2ba3308b7,11036.78538,2840706.644,2840706.644
BUR,BURNS INDUSTRIAL,0,779e9961-f666-40c3-869b-7cc79bfe8038,9602.16384,2886611.447,2886611.447
S23,SECTION 23,0,1773aa45-816c-4253-8254-dafd1a88c715,8391.136461,3074946.827,3074946.827
ABR,AMBLERIDGE,0,054c0057-9596-44c5-982f-e8be842cd85d,1931.403052,50570.33224,50570.33224
HKS,HOTCHKISS,0,527506f3-f82f-47a6-b0e0-17bbae07756f,4191.954913,477308.9163,477308.9163
05E,05E,0,d8689e30-8160-4914-9c89-a7045a0c31de,11836.77625,3098986.507,3098986.507
13H,13H,0,d46770a0-a1dc-4825-8e58-a59b9022a859,3465.793432,327416.9626,327416.9626
02F,02F,0,012553bc-810a-4c65-966c-39bbd41ecca4,7053.992042,3296079.355,3296079.355
SFH,SOUTH FOOTHILLS,0,4df1344e-8ea8-4014-a2b7-1f0e6638f27a,7764.484712,3561365.488,3561365.488
BVD,BELVEDERE,0,8f926b21-5c12-4719-91a2-aeb59774f715,4367.389748,1003487.766,1003487.766
11B,11B,0,198fd29b-ef15-4405-96a0-ea4231b6e0ae,4585.840142,97352.68362,97352.68362
AYB,ALYTH/BONNYBROOK,0,817664b9-e1a7-441b-b825-e685b64a1cc8,11448.07953,3802690.779,3802690.779
ALP,ALPINE PARK,0,88cc18be-c607-49e6-b5e6-c6f4c8fc30d0,8674.966186,3877087.077,3877087.077
